map,method,all_med,bad_med,bnd_med,gross_pct
1,clean-halfquad,0.307973,0.235580,0.477681,1.4771
1,clean-infconv,0.092511,0.138470,0.167308,1.4771
1,clean-kuwahara,0.185907,0.244874,0.235189,1.4771
1,clean-mean,0.191760,0.242521,0.207583,1.4771
1,clean-median,0.066405,0.104862,0.104862,1.4771
1,clean-spline,0.026451,0.031770,0.028590,1.4771
1,halfquad,0.346783,42.328131,0.528336,4.9438
1,infconv,0.100453,42.328131,0.190498,4.9438
1,kuwahara,0.189980,42.297136,0.243523,4.9438
1,mean,0.193261,42.297136,0.211818,4.9438
1,median,0.068326,42.297136,0.109720,4.9438
1,noisy (no filter),0.521763,42.328503,0.576060,4.9500
1,spline,0.026758,42.297136,0.029166,4.9438
1,unet,0.070687,1.274579,0.095217,0.5188
2,noisy (no filter),0.524856,42.853827,0.553018,4.9500
2,unet,0.069430,1.184771,0.093192,0.4395
3,noisy (no filter),0.521373,43.077578,0.557161,4.9744
3,unet,0.071628,1.096603,0.094125,0.3601
4,noisy (no filter),0.531529,42.493636,0.552298,4.9744
4,unet,0.069009,1.181945,0.090577,0.4395
5,noisy (no filter),0.526738,42.164343,0.580100,4.9561
5,unet,0.070059,1.306611,0.095041,0.5737
6,noisy (no filter),0.530583,41.536788,0.566086,4.9744
6,unet,0.071662,1.331070,0.097148,0.5249
7,noisy (no filter),0.535447,41.839098,0.583754,4.9561
7,unet,0.069598,1.153790,0.091775,0.5127
8,noisy (no filter),0.525094,42.221665,0.574611,4.9561
8,unet,0.068519,1.134113,0.090903,0.3479
9,noisy (no filter),0.530890,41.961338,0.572853,4.9744
9,unet,0.071815,1.093723,0.095625,0.4395
10,noisy (no filter),0.523142,42.172381,0.574910,4.9377
10,unet,0.069719,1.195575,0.093737,0.5310
11,noisy (no filter),0.526296,42.489165,0.575003,4.9744
11,unet,0.069234,1.207117,0.090227,0.4700
12,noisy (no filter),0.527227,42.156093,0.581620,4.9683
12,unet,0.072156,1.425007,0.094699,0.4944
13,noisy (no filter),0.515049,42.628465,0.568082,4.9683
13,unet,0.069754,1.164171,0.093754,0.4395
14,noisy (no filter),0.517131,42.574954,0.561241,4.9683
14,unet,0.067086,1.162041,0.089943,0.4761
15,noisy (no filter),0.527272,41.287181,0.587742,4.9683
15,unet,0.072236,1.191742,0.096105,0.4456
16,noisy (no filter),0.530530,42.410010,0.562802,4.9683
16,unet,0.070829,1.185418,0.090773,0.5493
17,noisy (no filter),0.525376,42.362750,0.594287,4.9622
17,unet,0.068667,1.233326,0.092724,0.5005
18,noisy (no filter),0.526331,42.528526,0.566923,4.9500
18,unet,0.067708,1.251168,0.092565,0.4089
19,noisy (no filter),0.525938,42.201575,0.573400,4.9500
19,unet,0.069694,1.103089,0.093070,0.5066
20,noisy (no filter),0.525988,42.170827,0.580979,4.9683
20,unet,0.070893,1.090130,0.091451,0.4639
21,noisy (no filter),0.525160,42.430701,0.580018,4.9683
21,unet,0.069327,1.171190,0.092789,0.5127
22,noisy (no filter),0.526511,41.719408,0.568892,4.9622
22,unet,0.071020,1.326851,0.090772,0.5310
23,noisy (no filter),0.527660,43.019514,0.584505,4.9438
23,unet,0.068061,1.173792,0.092347,0.5432
24,noisy (no filter),0.524820,42.575430,0.578095,4.9561
24,unet,0.069853,1.178522,0.090169,0.5249
25,noisy (no filter),0.528487,41.984960,0.575950,4.9561
25,unet,0.072534,1.225807,0.095384,0.4395
26,noisy (no filter),0.525486,42.625443,0.586923,4.9744
26,unet,0.071063,1.151907,0.092433,0.4089
27,noisy (no filter),0.529362,42.911610,0.561895,4.9622
27,unet,0.070453,1.441718,0.095073,0.5432
28,noisy (no filter),0.525423,42.721883,0.575573,4.9500
28,unet,0.072194,1.247842,0.093072,0.5005
29,noisy (no filter),0.531311,41.979115,0.584503,4.9500
29,unet,0.069882,1.154053,0.092639,0.5066
30,noisy (no filter),0.524059,42.724401,0.565402,4.9805
30,unet,0.071224,1.302369,0.092865,0.4578
31,noisy (no filter),0.529641,42.435386,0.558651,4.9561
31,unet,0.071109,1.403398,0.093196,0.6470
32,noisy (no filter),0.524435,43.102315,0.578420,4.9805
32,unet,0.071989,1.351971,0.094173,0.5188
33,noisy (no filter),0.527290,42.648058,0.562979,4.9683
33,unet,0.071096,1.096358,0.092170,0.4272
34,noisy (no filter),0.524869,42.323541,0.565056,4.9500
34,unet,0.071286,1.345435,0.090683,0.5310
35,noisy (no filter),0.525690,42.814426,0.571024,4.9316
35,unet,0.071934,1.084795,0.092434,0.4761
36,noisy (no filter),0.521908,42.475198,0.567649,4.9438
36,unet,0.069129,1.262759,0.090325,0.5066
37,noisy (no filter),0.517844,41.427995,0.573087,4.9744
37,unet,0.070063,1.104656,0.092676,0.5005
38,noisy (no filter),0.529772,41.214070,0.558092,4.9683
38,unet,0.071141,1.140919,0.091435,0.3967
39,noisy (no filter),0.529567,41.656402,0.584228,4.9500
39,unet,0.071958,1.200360,0.093644,0.4944
40,noisy (no filter),0.532419,41.578835,0.585953,4.9561
40,unet,0.071917,1.485717,0.093165,0.6104
41,noisy (no filter),0.530517,42.969385,0.570591,4.9683
41,unet,0.068044,1.366280,0.091588,0.6226
42,noisy (no filter),0.527531,42.116712,0.575902,4.9561
42,unet,0.068926,1.146247,0.092185,0.4150
43,noisy (no filter),0.526484,41.714464,0.587626,4.9194
43,unet,0.070904,1.285681,0.091320,0.4883
44,noisy (no filter),0.532691,42.054295,0.570451,4.9561
44,unet,0.072087,1.075798,0.094971,0.4822
45,noisy (no filter),0.531223,42.239886,0.566803,4.9438
45,unet,0.068231,1.262051,0.089541,0.5737
46,noisy (no filter),0.520903,42.951343,0.557435,4.9866
46,unet,0.068800,1.165713,0.091925,0.4883
47,noisy (no filter),0.524108,42.057026,0.557718,4.9438
47,unet,0.071004,1.117487,0.091455,0.3723
48,noisy (no filter),0.533619,41.781428,0.570647,4.9622
48,unet,0.072233,1.210470,0.095592,0.4211
49,noisy (no filter),0.535102,42.893610,0.606009,4.9744
49,unet,0.068445,1.137945,0.094006,0.4883
50,noisy (no filter),0.526143,41.836772,0.557896,4.9561
50,unet,0.070856,1.115208,0.097133,0.3174
51,noisy (no filter),0.528511,41.948588,0.577340,4.9744
51,unet,0.070951,1.049448,0.091280,0.4761
52,noisy (no filter),0.531334,43.261120,0.581518,4.9805
52,unet,0.070200,1.169846,0.092750,0.3967
53,noisy (no filter),0.525930,42.117680,0.578695,4.9622
53,unet,0.071004,1.296876,0.092592,0.4639
54,noisy (no filter),0.527365,42.484302,0.570903,4.9500
54,unet,0.068037,1.300592,0.089015,0.5798
55,noisy (no filter),0.525926,42.431448,0.570536,4.9683
55,unet,0.068943,1.256514,0.087931,0.4395
56,noisy (no filter),0.525884,41.960976,0.563217,4.9744
56,unet,0.069574,1.109397,0.093594,0.4578
57,noisy (no filter),0.528225,42.984308,0.585606,4.9622
57,unet,0.071441,1.214959,0.093355,0.5066
58,noisy (no filter),0.530368,42.197305,0.592302,4.9744
58,unet,0.069284,1.203137,0.092579,0.3906
59,noisy (no filter),0.524414,42.443734,0.582356,4.9683
59,unet,0.068435,1.291883,0.089640,0.4761
60,noisy (no filter),0.528393,42.814562,0.580493,4.9622
60,unet,0.071509,1.144467,0.093389,0.3906
61,noisy (no filter),0.535563,41.979205,0.587127,4.9805
61,unet,0.068931,1.220353,0.089024,0.3845
62,noisy (no filter),0.520505,41.416056,0.569580,4.9805
62,unet,0.068291,1.211123,0.092486,0.4700
63,noisy (no filter),0.523308,42.214356,0.568209,4.9377
63,unet,0.070351,1.226719,0.096087,0.4944
64,noisy (no filter),0.528536,41.393683,0.570817,4.9744
64,unet,0.071982,1.244247,0.095152,0.5127
65,noisy (no filter),0.528160,42.665231,0.561520,4.9438
65,unet,0.075005,1.170839,0.097236,0.3723
66,noisy (no filter),0.529826,42.937077,0.563848,4.9561
66,unet,0.075486,1.218579,0.096785,0.4272
67,noisy (no filter),0.521398,41.068132,0.576611,4.9805
67,unet,0.068424,1.351614,0.089373,0.4333
68,noisy (no filter),0.527834,43.073107,0.558385,4.9622
68,unet,0.069642,1.102145,0.092661,0.4028
69,noisy (no filter),0.526026,41.717063,0.568918,4.9622
69,unet,0.070271,1.345687,0.091974,0.5127
70,noisy (no filter),0.527209,41.858931,0.584101,4.9316
70,unet,0.070268,1.026525,0.092343,0.3662
71,noisy (no filter),0.524725,41.650684,0.556803,4.9561
71,unet,0.070139,1.321531,0.092730,0.4944
72,noisy (no filter),0.520639,41.987418,0.553987,4.9622
72,unet,0.068448,1.288597,0.090368,0.5249
73,noisy (no filter),0.528945,42.360333,0.575748,4.9805
73,unet,0.072301,1.069342,0.092336,0.4761
74,noisy (no filter),0.530863,41.220398,0.580409,4.9805
74,unet,0.068678,1.079970,0.091583,0.4028
75,noisy (no filter),0.530820,42.905335,0.577047,4.9805
75,unet,0.070080,1.069346,0.096025,0.4089
76,noisy (no filter),0.526530,41.610802,0.598205,4.9866
76,unet,0.070162,1.056298,0.093029,0.3601
77,noisy (no filter),0.527357,41.901017,0.566321,4.9500
77,unet,0.069926,1.338021,0.091575,0.5066
78,noisy (no filter),0.527150,42.646812,0.588913,4.9683
78,unet,0.071173,1.242067,0.093226,0.4150
79,noisy (no filter),0.525657,42.631040,0.565893,4.9438
79,unet,0.069349,1.218821,0.090435,0.5127
80,noisy (no filter),0.526403,41.717656,0.578487,4.9133
80,unet,0.069154,1.162266,0.090542,0.5005
81,noisy (no filter),0.531626,41.672412,0.579268,4.9622
81,unet,0.070737,1.254676,0.090064,0.6897
82,noisy (no filter),0.520722,42.284376,0.587363,4.9683
82,unet,0.067807,1.216848,0.092966,0.4089
83,noisy (no filter),0.522239,42.314230,0.583126,4.9744
83,unet,0.073129,1.099772,0.095186,0.4150
84,noisy (no filter),0.530473,42.191941,0.585532,4.9377
84,unet,0.070093,1.069325,0.092204,0.4456
85,noisy (no filter),0.534359,42.365726,0.579292,4.9622
85,unet,0.068637,1.386927,0.090343,0.5432
86,noisy (no filter),0.536288,42.800864,0.577067,4.9683
86,unet,0.069583,1.151553,0.090560,0.5615
87,noisy (no filter),0.524798,41.599954,0.550852,4.9561
87,unet,0.071989,1.078898,0.092600,0.4761
88,noisy (no filter),0.527158,41.816128,0.582370,4.9683
88,unet,0.070486,1.114362,0.097188,0.4395
89,noisy (no filter),0.526714,42.339613,0.602333,4.9744
89,unet,0.070219,1.228356,0.094191,0.5859
90,noisy (no filter),0.532939,42.968898,0.595803,4.9500
90,unet,0.069209,1.331576,0.092837,0.6042
91,noisy (no filter),0.527998,42.123709,0.569553,4.9622
91,unet,0.072170,0.988852,0.095070,0.3723
92,noisy (no filter),0.521387,43.035564,0.569123,4.9866
92,unet,0.069096,1.132708,0.096683,0.4944
93,noisy (no filter),0.523813,42.002973,0.578707,4.9561
93,unet,0.071540,1.386746,0.094475,0.5615
94,noisy (no filter),0.529296,42.130708,0.559064,4.9255
94,unet,0.070174,1.207521,0.090105,0.3906
95,noisy (no filter),0.526807,42.681828,0.568922,4.9561
95,unet,0.069874,1.120892,0.088491,0.3723
96,noisy (no filter),0.524039,42.437701,0.563456,4.9500
96,unet,0.071918,1.243877,0.095943,0.4272
97,noisy (no filter),0.525110,42.514048,0.555281,4.9744
97,unet,0.069343,1.044325,0.095256,0.4761
98,noisy (no filter),0.523396,42.741800,0.565462,4.9500
98,unet,0.072558,1.200615,0.090553,0.3723
99,noisy (no filter),0.523566,42.368028,0.581538,4.9866
99,unet,0.072440,1.379584,0.097488,0.5859
100,noisy (no filter),0.526976,41.845659,0.571026,4.9683
100,unet,0.068082,1.197976,0.091362,0.4028
101,noisy (no filter),0.526233,42.514376,0.575516,4.9438
101,unet,0.068942,1.348310,0.093183,0.5127
102,noisy (no filter),0.522334,42.435082,0.577770,4.9622
102,unet,0.068571,0.957073,0.091086,0.3723
103,noisy (no filter),0.525916,42.215076,0.564437,4.9805
103,unet,0.068408,1.118583,0.092078,0.4883
104,noisy (no filter),0.521990,42.375484,0.560695,4.9377
104,unet,0.070933,1.357624,0.091605,0.4272
105,noisy (no filter),0.529555,41.560362,0.581755,4.9805
105,unet,0.070291,1.203273,0.093243,0.4028
106,noisy (no filter),0.529265,41.871590,0.578916,4.9377
106,unet,0.069985,1.122954,0.092583,0.3906
107,noisy (no filter),0.519072,41.772044,0.565843,4.9622
107,unet,0.068844,1.087687,0.093821,0.4639
108,noisy (no filter),0.517710,43.548482,0.569897,4.9744
108,unet,0.069818,1.198294,0.089301,0.4944
109,noisy (no filter),0.531610,41.736075,0.577782,4.9377
109,unet,0.069333,1.046122,0.091356,0.4456
110,noisy (no filter),0.530163,42.166385,0.590749,4.9744
110,unet,0.069941,1.143010,0.094269,0.4639
111,noisy (no filter),0.532932,42.364194,0.591102,4.9438
111,unet,0.069392,1.078172,0.091740,0.4456
112,noisy (no filter),0.531335,42.479785,0.583087,4.9744
112,unet,0.072147,1.221814,0.091860,0.5554
113,noisy (no filter),0.519299,42.712294,0.565646,4.9561
113,unet,0.071894,1.237881,0.094011,0.5798
114,noisy (no filter),0.531657,42.154315,0.572462,4.9622
114,unet,0.071752,1.159910,0.096043,0.4700
115,noisy (no filter),0.528517,42.143631,0.571824,4.9622
115,unet,0.068684,0.987714,0.091596,0.3845
116,noisy (no filter),0.524075,41.325498,0.587177,4.9438
116,unet,0.070592,1.554609,0.095063,0.5798
117,noisy (no filter),0.525351,42.067179,0.569825,4.9866
117,unet,0.070109,1.022341,0.095157,0.4150
118,noisy (no filter),0.523291,41.793340,0.580324,4.9438
118,unet,0.070756,1.223754,0.091450,0.5249
119,noisy (no filter),0.527771,42.425771,0.571229,4.9561
119,unet,0.070394,1.231148,0.093499,0.4211
120,noisy (no filter),0.529983,42.156216,0.572791,4.9683
120,unet,0.069140,1.174184,0.092712,0.4761
121,noisy (no filter),0.517961,41.947218,0.571220,4.9561
121,unet,0.069500,1.233472,0.090416,0.5615
122,noisy (no filter),0.520474,41.722695,0.588049,4.9683
122,unet,0.071147,1.160502,0.092630,0.5615
123,noisy (no filter),0.523971,42.298871,0.559380,4.9500
123,unet,0.073242,1.288424,0.093925,0.5493
124,noisy (no filter),0.528267,42.432067,0.566387,4.9377
124,unet,0.069356,1.121337,0.094595,0.4456
125,noisy (no filter),0.525875,42.888065,0.554495,4.9805
125,unet,0.072309,1.127433,0.094473,0.5127
126,noisy (no filter),0.531157,41.698079,0.578074,4.9561
126,unet,0.068700,1.239262,0.087581,0.4639
127,noisy (no filter),0.525925,42.825996,0.585619,4.9561
127,unet,0.071925,1.287845,0.095773,0.4883
128,noisy (no filter),0.522895,42.152866,0.572389,4.9500
128,unet,0.070147,1.199257,0.092867,0.5066
129,noisy (no filter),0.528194,42.455476,0.565554,4.9500
129,unet,0.072703,1.107405,0.096763,0.3723
130,noisy (no filter),0.518341,41.639137,0.557744,4.9622
130,unet,0.069965,1.270655,0.092778,0.5676
131,noisy (no filter),0.526936,42.603816,0.568370,4.9561
131,unet,0.068458,1.450934,0.091746,0.6287
132,noisy (no filter),0.525530,40.774948,0.586597,4.9500
132,unet,0.068965,1.255493,0.090824,0.4211
133,noisy (no filter),0.524848,42.350135,0.593122,4.9805
133,unet,0.069476,1.082910,0.093377,0.3906
134,noisy (no filter),0.532237,43.150141,0.584293,4.9866
134,unet,0.068531,1.409694,0.092881,0.4272
135,noisy (no filter),0.534189,42.692332,0.571642,4.9500
135,unet,0.070446,1.019511,0.093038,0.4395
136,noisy (no filter),0.525029,42.308179,0.575334,4.9683
136,unet,0.070346,1.277180,0.091145,0.5249
137,noisy (no filter),0.523256,42.166253,0.583328,4.9500
137,unet,0.071404,1.187512,0.094906,0.5798
138,noisy (no filter),0.529874,42.971568,0.576270,4.9561
138,unet,0.069294,1.226337,0.091800,0.4944
139,noisy (no filter),0.519424,42.550608,0.568905,4.9622
139,unet,0.069345,1.289367,0.092462,0.6958
140,noisy (no filter),0.519692,41.821380,0.584861,4.9255
140,unet,0.070017,1.058999,0.093077,0.3784
141,noisy (no filter),0.531869,42.065036,0.577754,4.9561
141,unet,0.070044,1.268845,0.094495,0.4761
142,noisy (no filter),0.529602,42.727243,0.585993,4.9622
142,unet,0.070561,1.256801,0.088381,0.4089
143,noisy (no filter),0.530121,42.620699,0.570522,4.9805
143,unet,0.071042,1.236573,0.092213,0.3967
144,noisy (no filter),0.531546,42.739485,0.584606,4.9622
144,unet,0.071838,1.244873,0.094575,0.4822
145,noisy (no filter),0.528488,42.689260,0.595211,4.9744
145,unet,0.073083,1.424539,0.094465,0.5127
146,noisy (no filter),0.522625,42.676660,0.564703,4.9744
146,unet,0.070751,1.149470,0.091781,0.4272
147,noisy (no filter),0.523581,42.766091,0.581268,4.9683
147,unet,0.072509,1.283354,0.094712,0.3784
148,noisy (no filter),0.540056,42.149284,0.596520,4.9866
148,unet,0.071913,1.294551,0.093617,0.5188
149,noisy (no filter),0.523401,42.565455,0.574356,4.9316
149,unet,0.068955,1.108887,0.090022,0.5432
150,noisy (no filter),0.530446,42.118456,0.579676,4.9683
150,unet,0.072212,1.286037,0.095403,0.4822
151,noisy (no filter),0.528028,42.436327,0.574884,4.9500
151,unet,0.069630,1.186359,0.091712,0.4761
152,noisy (no filter),0.526881,42.295972,0.563132,4.9622
152,unet,0.072048,1.322812,0.095822,0.5676
153,noisy (no filter),0.533841,42.467043,0.575021,4.9561
153,unet,0.069898,1.147974,0.091072,0.3296
154,noisy (no filter),0.524904,42.654159,0.555676,4.9744
154,unet,0.071069,1.162875,0.094202,0.4700
155,noisy (no filter),0.526460,42.590542,0.577585,4.9622
155,unet,0.069594,1.039006,0.092461,0.3906
156,noisy (no filter),0.521185,42.541140,0.576588,4.9866
156,unet,0.066805,1.143159,0.088921,0.4333
157,noisy (no filter),0.525425,42.176717,0.580195,4.9683
157,unet,0.071304,1.160632,0.092475,0.4822
158,noisy (no filter),0.528994,43.108270,0.589058,4.9683
158,unet,0.071421,1.138586,0.092242,0.4089
159,noisy (no filter),0.524214,42.440758,0.562790,4.9805
159,unet,0.072515,1.263949,0.095525,0.5798
160,noisy (no filter),0.522087,42.519680,0.584994,4.9438
160,unet,0.070620,1.143109,0.091828,0.4395
161,noisy (no filter),0.522214,42.101766,0.556297,4.9683
161,unet,0.073504,1.536851,0.094512,0.6409
162,noisy (no filter),0.532276,42.295998,0.575760,4.9500
162,unet,0.072639,1.360028,0.097623,0.7019
163,noisy (no filter),0.520700,42.427242,0.561118,4.9561
163,unet,0.071779,1.290102,0.092822,0.6836
164,noisy (no filter),0.524485,42.816242,0.583860,4.9622
164,unet,0.072421,1.120844,0.091151,0.4700
165,noisy (no filter),0.521995,42.433314,0.551745,4.9561
165,unet,0.070254,1.076423,0.092105,0.4333
166,noisy (no filter),0.531067,42.209780,0.574557,4.9866
166,unet,0.069968,1.078947,0.093615,0.3784
167,noisy (no filter),0.524404,42.527441,0.566612,4.9805
167,unet,0.068235,1.148469,0.090406,0.4639
168,noisy (no filter),0.535645,42.961266,0.598120,4.9500
168,unet,0.070172,1.200436,0.090628,0.4150
169,noisy (no filter),0.524970,42.698188,0.568795,4.9500
169,unet,0.070494,1.180526,0.092202,0.4944
170,noisy (no filter),0.535110,43.025612,0.595492,4.9561
170,unet,0.069157,1.266867,0.091846,0.4211
171,noisy (no filter),0.526650,41.899727,0.574320,4.9744
171,unet,0.071943,1.315799,0.096985,0.5737
172,noisy (no filter),0.525935,42.496229,0.581538,4.9683
172,unet,0.068247,0.984720,0.091259,0.4395
173,noisy (no filter),0.525268,41.498609,0.579577,4.9744
173,unet,0.071940,1.082726,0.093304,0.4150
174,noisy (no filter),0.533914,42.398512,0.583948,4.9744
174,unet,0.070176,1.357716,0.093637,0.5981
175,noisy (no filter),0.532775,42.583029,0.571237,4.9866
175,unet,0.071769,1.235944,0.095366,0.4578
176,noisy (no filter),0.522981,41.872902,0.575759,4.9683
176,unet,0.072399,1.203788,0.097633,0.5432
177,noisy (no filter),0.519869,43.144363,0.558638,4.9805
177,unet,0.069805,1.196449,0.091550,0.5859
178,noisy (no filter),0.519861,42.142951,0.562709,4.9744
178,unet,0.071064,1.101170,0.094691,0.4333
179,noisy (no filter),0.523597,43.041540,0.583900,4.9622
179,unet,0.066711,1.119239,0.092540,0.4883
180,noisy (no filter),0.528588,43.308813,0.591854,4.9866
180,unet,0.071005,1.206570,0.094349,0.4272
181,noisy (no filter),0.529579,42.178202,0.565304,4.9683
181,unet,0.066923,1.140479,0.092777,0.3906
182,noisy (no filter),0.527872,42.218800,0.560896,4.9683
182,unet,0.068670,1.278625,0.088465,0.6531
183,noisy (no filter),0.521772,41.575478,0.563238,4.9622
183,unet,0.069575,1.109787,0.091031,0.5188
184,noisy (no filter),0.522426,41.776990,0.567621,4.9561
184,unet,0.070994,1.248359,0.093675,0.3906
185,noisy (no filter),0.526060,42.376207,0.557875,4.9561
185,unet,0.071730,0.989855,0.091316,0.4028
186,noisy (no filter),0.531988,41.010607,0.566375,4.9683
186,unet,0.070658,1.165926,0.093614,0.4333
187,noisy (no filter),0.530918,42.513132,0.584770,4.9744
187,unet,0.069765,1.191642,0.090298,0.4944
188,noisy (no filter),0.526738,42.035737,0.572789,4.9500
188,unet,0.069230,1.149991,0.096455,0.4517
189,noisy (no filter),0.525574,42.716163,0.573200,4.9622
189,unet,0.073408,1.215402,0.096018,0.5066
190,noisy (no filter),0.531568,42.383799,0.566231,4.9805
190,unet,0.071433,1.209319,0.094779,0.4395
191,noisy (no filter),0.535307,42.606401,0.567428,4.9622
191,unet,0.069890,1.109293,0.093632,0.3357
192,noisy (no filter),0.534379,41.708224,0.598131,4.9500
192,unet,0.069851,1.276118,0.091277,0.5676
193,noisy (no filter),0.529707,41.736683,0.568184,4.9805
193,unet,0.071075,1.312443,0.091893,0.4944
194,noisy (no filter),0.523834,42.493897,0.576696,4.9683
194,unet,0.067397,1.156482,0.093900,0.3784
195,noisy (no filter),0.521285,42.037601,0.561136,4.9744
195,unet,0.072078,1.058913,0.093100,0.4700
196,noisy (no filter),0.518475,42.411884,0.569018,4.9622
196,unet,0.069852,1.230059,0.091527,0.6042
197,noisy (no filter),0.519414,41.962672,0.578660,4.9622
197,unet,0.070094,1.116012,0.094520,0.4150
198,noisy (no filter),0.531910,41.533873,0.563944,4.9744
198,unet,0.072129,1.273142,0.099180,0.4211
199,noisy (no filter),0.525846,41.727274,0.568422,4.9255
199,unet,0.069624,1.177684,0.093027,0.5127
200,noisy (no filter),0.518744,42.904677,0.573094,4.9622
200,unet,0.070688,1.183454,0.092082,0.4822
201,noisy (no filter),0.524999,42.315382,0.560003,4.9805
201,unet,0.069643,1.092545,0.089639,0.4944
202,noisy (no filter),0.523802,42.759313,0.574884,4.9622
202,unet,0.070034,1.194352,0.093424,0.4333
203,noisy (no filter),0.525332,42.135130,0.572997,4.9622
203,unet,0.070785,1.183967,0.093120,0.4395
204,noisy (no filter),0.526571,42.144968,0.572488,4.9744
204,unet,0.070974,1.234388,0.097172,0.4944
205,noisy (no filter),0.518924,41.952211,0.574428,4.9622
205,unet,0.072184,1.245216,0.093486,0.5615
206,noisy (no filter),0.529219,42.193127,0.587735,4.9805
206,unet,0.070533,1.102705,0.094025,0.5005
207,noisy (no filter),0.530707,41.995336,0.569747,4.9805
207,unet,0.069306,1.069811,0.092250,0.3845
208,noisy (no filter),0.521080,41.511317,0.587692,4.9561
208,unet,0.070462,1.212908,0.092580,0.4944
209,noisy (no filter),0.532964,41.952258,0.579381,4.9622
209,unet,0.072117,1.176003,0.095744,0.4333
210,noisy (no filter),0.527793,42.210996,0.581205,4.9805
210,unet,0.070219,1.052419,0.093203,0.3967
211,noisy (no filter),0.531531,41.891846,0.588555,4.9438
211,unet,0.072167,1.048760,0.094914,0.5066
212,noisy (no filter),0.519460,41.811239,0.570650,4.9622
212,unet,0.067199,1.222510,0.090435,0.4700
213,noisy (no filter),0.527121,42.378027,0.589105,4.9866
213,unet,0.067600,1.149480,0.091563,0.4822
214,noisy (no filter),0.519669,42.204791,0.564338,4.9561
214,unet,0.070297,1.273159,0.093290,0.3296
215,noisy (no filter),0.526297,42.509309,0.593105,4.9500
215,unet,0.073240,1.246370,0.093348,0.5493
216,noisy (no filter),0.527825,42.741098,0.573864,4.9500
216,unet,0.068794,1.189239,0.091634,0.4456
217,noisy (no filter),0.523927,42.255090,0.566414,4.9866
217,unet,0.068974,1.118405,0.091998,0.4089
218,noisy (no filter),0.521890,42.337425,0.560483,4.9622
218,unet,0.069449,1.127991,0.089192,0.3540
219,noisy (no filter),0.528688,43.343293,0.592576,4.9561
219,unet,0.070859,1.060968,0.091200,0.5066
220,noisy (no filter),0.541154,42.837189,0.588113,4.9683
220,unet,0.070511,1.301673,0.094005,0.6042
221,noisy (no filter),0.531651,42.275468,0.570475,4.9561
221,unet,0.072086,1.430768,0.094248,0.5188
222,noisy (no filter),0.525199,43.134633,0.573761,4.9622
222,unet,0.069794,1.108605,0.094521,0.4639
223,noisy (no filter),0.522035,42.455259,0.553374,4.9805
223,unet,0.072560,1.166744,0.092871,0.4517
224,noisy (no filter),0.522610,43.059500,0.580877,4.9744
224,unet,0.070406,1.309247,0.091465,0.6470
225,noisy (no filter),0.525049,42.192806,0.564613,4.9438
225,unet,0.070135,1.081282,0.095095,0.4639
226,noisy (no filter),0.528901,42.335878,0.572974,4.9805
226,unet,0.070020,1.163093,0.092858,0.5066
227,noisy (no filter),0.521844,41.931745,0.557103,4.9744
227,unet,0.070062,1.430739,0.092510,0.6531
228,noisy (no filter),0.525170,42.564675,0.580801,4.9438
228,unet,0.069372,1.140104,0.092256,0.5188
229,noisy (no filter),0.530021,41.698516,0.570941,4.9744
229,unet,0.073781,1.213072,0.095878,0.4578
230,noisy (no filter),0.517021,41.795210,0.572632,4.9500
230,unet,0.070001,1.120050,0.091774,0.4639
231,noisy (no filter),0.532479,42.890928,0.582132,4.9683
231,unet,0.070912,1.234281,0.091987,0.5066
232,noisy (no filter),0.524836,42.463857,0.557484,4.9805
232,unet,0.071283,1.186601,0.094194,0.4089
233,noisy (no filter),0.530965,41.959720,0.567020,4.9805
233,unet,0.071633,1.078173,0.095211,0.4272
234,noisy (no filter),0.526914,43.179517,0.561061,4.9622
234,unet,0.069803,1.238036,0.092560,0.5493
235,noisy (no filter),0.534433,42.726004,0.594476,4.9561
235,unet,0.070375,1.468057,0.093168,0.5798
236,noisy (no filter),0.525169,42.308478,0.563265,4.9744
236,unet,0.070676,1.022546,0.092788,0.5310
237,noisy (no filter),0.523626,41.949066,0.540860,4.9683
237,unet,0.071136,1.002942,0.089964,0.4089
238,noisy (no filter),0.528879,42.358258,0.567261,4.9622
238,unet,0.073507,1.133284,0.094145,0.4761
239,noisy (no filter),0.527959,42.415876,0.567271,4.9744
239,unet,0.072439,1.271364,0.093531,0.5249
240,noisy (no filter),0.526413,42.041159,0.569635,4.9622
240,unet,0.070251,1.097007,0.090752,0.4211
241,noisy (no filter),0.530969,42.800368,0.583786,4.9683
241,unet,0.071577,1.363900,0.093738,0.5920
242,noisy (no filter),0.523825,42.575388,0.565589,4.9500
242,unet,0.068855,1.321205,0.090243,0.4944
243,noisy (no filter),0.520888,41.951262,0.565212,4.9805
243,unet,0.070831,1.154139,0.094663,0.4883
244,noisy (no filter),0.529370,42.940451,0.583898,4.9744
244,unet,0.074926,1.167804,0.095996,0.4395
245,noisy (no filter),0.528417,42.263644,0.569347,4.9622
245,unet,0.071253,1.143060,0.095377,0.4761
246,noisy (no filter),0.529004,41.787126,0.568256,4.9561
246,unet,0.072065,1.193908,0.095463,0.5920
247,noisy (no filter),0.532492,42.135702,0.580572,4.9744
247,unet,0.070767,1.566613,0.096458,0.6714
248,noisy (no filter),0.526323,42.336656,0.562584,4.9988
248,unet,0.068380,1.267391,0.089302,0.6470
249,noisy (no filter),0.524665,41.871907,0.592045,4.9683
249,unet,0.068365,1.065297,0.090858,0.2808
250,noisy (no filter),0.516392,42.052773,0.569747,4.9561
250,unet,0.072363,1.196731,0.094405,0.4944
251,noisy (no filter),0.529790,42.710095,0.577007,4.9866
251,unet,0.070237,1.175807,0.091970,0.5066
252,noisy (no filter),0.525437,43.103048,0.572963,4.9683
252,unet,0.070373,1.519276,0.092926,0.7324
253,noisy (no filter),0.525126,42.296387,0.563138,4.9500
253,unet,0.070598,1.109676,0.090419,0.3906
254,noisy (no filter),0.525350,42.715669,0.575291,4.9500
254,unet,0.070994,1.407157,0.093643,0.5310
255,noisy (no filter),0.527753,42.470348,0.584380,4.9500
255,unet,0.070575,1.257523,0.094019,0.5127
256,noisy (no filter),0.527521,41.868111,0.571852,4.9561
256,unet,0.071151,1.239953,0.094081,0.5432
257,noisy (no filter),0.528034,42.584521,0.582714,4.9133
257,unet,0.071268,1.272975,0.092083,0.5066
258,noisy (no filter),0.532300,42.733229,0.597399,4.9622
258,unet,0.070616,1.323826,0.092919,0.5737
259,noisy (no filter),0.524908,42.129387,0.577701,4.9805
259,unet,0.069440,1.220008,0.090524,0.5066
260,noisy (no filter),0.524879,42.344971,0.559121,4.9561
260,unet,0.068835,1.164524,0.091506,0.4822
261,noisy (no filter),0.526429,41.229830,0.576514,4.9683
261,unet,0.070482,1.090308,0.093474,0.3845
262,noisy (no filter),0.518524,42.739752,0.592233,4.9622
262,unet,0.070183,1.201145,0.092166,0.4333
263,noisy (no filter),0.522689,42.199168,0.553858,4.9683
263,unet,0.068851,1.054405,0.092017,0.4700
264,noisy (no filter),0.519814,43.431948,0.551977,4.9438
264,unet,0.068900,1.235103,0.090134,0.5310
265,noisy (no filter),0.525734,42.336558,0.571923,4.9561
265,unet,0.072624,1.106088,0.094774,0.4028
266,noisy (no filter),0.531087,42.232652,0.584697,4.9561
266,unet,0.070767,1.194525,0.096980,0.3418
267,noisy (no filter),0.520804,41.849121,0.586175,4.9622
267,unet,0.070445,1.150697,0.094004,0.3845
268,noisy (no filter),0.522479,42.017331,0.580236,4.9622
268,unet,0.072400,1.093741,0.096028,0.4578
269,noisy (no filter),0.526758,42.414654,0.567403,4.9561
269,unet,0.069728,1.134271,0.094495,0.4456
270,noisy (no filter),0.530848,42.909730,0.570379,4.9744
270,unet,0.071759,1.174002,0.092825,0.5859
271,noisy (no filter),0.527177,42.244191,0.575399,4.9805
271,unet,0.069500,1.304845,0.090105,0.5066
272,noisy (no filter),0.529906,42.438717,0.581749,4.9622
272,unet,0.071306,1.219620,0.093779,0.5493
273,noisy (no filter),0.526063,42.871666,0.575679,4.9622
273,unet,0.070112,1.347978,0.094120,0.5371
274,noisy (no filter),0.527662,42.965092,0.553602,4.9805
274,unet,0.069877,1.026537,0.091678,0.4639
275,noisy (no filter),0.530686,42.943391,0.555771,4.9683
275,unet,0.070278,1.186122,0.092918,0.3845
276,noisy (no filter),0.521862,42.326987,0.555096,4.9927
276,unet,0.068047,1.046546,0.089219,0.3784
277,noisy (no filter),0.527135,42.617836,0.583493,4.9500
277,unet,0.073238,1.272233,0.094054,0.4517
278,noisy (no filter),0.525415,41.625164,0.565210,4.9744
278,unet,0.069204,1.238188,0.092266,0.4517
279,noisy (no filter),0.530813,41.929365,0.581122,4.9866
279,unet,0.071046,1.037925,0.093154,0.4395
280,noisy (no filter),0.524510,42.571516,0.579395,4.9622
280,unet,0.069337,1.170134,0.089960,0.4883
281,noisy (no filter),0.523968,42.277079,0.586801,4.9744
281,unet,0.071979,1.232511,0.096246,0.4517
282,noisy (no filter),0.526627,42.282280,0.558183,4.9438
282,unet,0.070176,1.202150,0.092870,0.5615
283,noisy (no filter),0.529274,42.446767,0.580315,4.9927
283,unet,0.074729,1.183866,0.097863,0.4883
284,noisy (no filter),0.524697,42.266519,0.582330,4.9744
284,unet,0.071544,1.156865,0.092199,0.4211
285,noisy (no filter),0.526664,43.090302,0.568728,4.9744
285,unet,0.069043,1.173701,0.093312,0.3601
286,noisy (no filter),0.526698,42.342704,0.571526,4.9744
286,unet,0.071088,1.347984,0.092391,0.5188
287,noisy (no filter),0.530594,42.254514,0.560904,4.9683
287,unet,0.069459,1.142968,0.090160,0.4761
288,noisy (no filter),0.519376,43.410825,0.565925,4.9744
288,unet,0.068142,1.224934,0.091734,0.5127
289,noisy (no filter),0.528251,42.132293,0.552188,4.9561
289,unet,0.070523,1.012959,0.091066,0.4089
290,noisy (no filter),0.522967,41.827915,0.585804,4.9805
290,unet,0.068149,1.146780,0.092285,0.4089
291,noisy (no filter),0.525521,42.625632,0.583921,4.9561
291,unet,0.067368,1.048952,0.089989,0.3662
292,noisy (no filter),0.529945,42.379528,0.575639,4.9744
292,unet,0.071711,1.355574,0.092566,0.6104
293,noisy (no filter),0.530244,42.340780,0.564611,4.9622
293,unet,0.069202,1.274950,0.091907,0.4456
294,noisy (no filter),0.533638,41.704837,0.574745,4.9561
294,unet,0.070617,1.365526,0.095529,0.4822
295,noisy (no filter),0.533143,42.633833,0.580162,4.9438
295,unet,0.068803,1.282603,0.088628,0.5066
296,noisy (no filter),0.527427,41.973699,0.577710,4.9744
296,unet,0.068047,1.049719,0.093027,0.3296
297,noisy (no filter),0.530255,41.560947,0.571291,4.9377
297,unet,0.068729,1.285819,0.088435,0.4639
298,noisy (no filter),0.525831,42.323437,0.562237,4.9622
298,unet,0.069842,1.058735,0.091441,0.4150
299,noisy (no filter),0.526354,43.357324,0.564692,4.9805
299,unet,0.071186,1.289510,0.092991,0.5493
300,noisy (no filter),0.534280,42.702411,0.569446,4.9316
300,unet,0.070033,1.111979,0.093134,0.4456
301,noisy (no filter),0.529020,42.815461,0.567250,4.9622
301,unet,0.070885,1.227589,0.092561,0.4822
302,noisy (no filter),0.525691,42.537683,0.551153,4.9866
302,unet,0.072204,1.142516,0.093393,0.5005
303,noisy (no filter),0.519785,42.381455,0.574405,4.9683
303,unet,0.070980,1.379452,0.095363,0.5066
304,noisy (no filter),0.526827,42.336012,0.556145,4.9744
304,unet,0.068932,1.114493,0.089617,0.5737
305,noisy (no filter),0.522815,42.116618,0.582961,4.9561
305,unet,0.069970,1.093305,0.092089,0.4150
306,noisy (no filter),0.526276,41.666710,0.569863,4.9744
306,unet,0.072035,1.158695,0.092640,0.4395
307,noisy (no filter),0.532463,42.277613,0.559397,4.9561
307,unet,0.073596,1.269112,0.092281,0.5371
308,noisy (no filter),0.527079,41.413692,0.560226,4.9622
308,unet,0.070672,1.114854,0.092786,0.4333
309,noisy (no filter),0.524566,42.276662,0.566855,4.9805
309,unet,0.065634,1.213570,0.093223,0.2136
310,noisy (no filter),0.521267,42.848715,0.580954,4.9500
310,unet,0.069522,1.294805,0.092550,0.4578
311,noisy (no filter),0.518594,41.909829,0.555838,4.9438
311,unet,0.069831,1.159691,0.096693,0.3967
312,noisy (no filter),0.528279,43.175937,0.566334,4.9744
312,unet,0.069966,1.080900,0.094047,0.4211
313,noisy (no filter),0.529977,41.965789,0.565981,4.9500
313,unet,0.067804,1.116088,0.090556,0.4028
314,noisy (no filter),0.527330,42.679909,0.590874,4.9561
314,unet,0.069511,1.169382,0.093229,0.4700
315,noisy (no filter),0.524338,42.193416,0.564523,4.9622
315,unet,0.070382,1.218450,0.091818,0.4700
316,noisy (no filter),0.536483,41.975818,0.593910,4.9500
316,unet,0.070607,1.129696,0.094483,0.4883
317,noisy (no filter),0.519685,41.055021,0.563365,4.9622
317,unet,0.072235,1.200284,0.095395,0.5615
318,noisy (no filter),0.524705,42.564401,0.573613,4.9561
318,unet,0.070202,1.095934,0.094183,0.4822
319,noisy (no filter),0.518863,41.069046,0.539802,4.9744
319,unet,0.067796,1.290578,0.088003,0.5127
320,noisy (no filter),0.529197,42.475770,0.583523,4.9805
320,unet,0.071714,1.139370,0.095676,0.5127
321,noisy (no filter),0.533301,41.828565,0.572521,4.9561
321,unet,0.071624,1.186468,0.093719,0.5432
322,noisy (no filter),0.527910,43.062512,0.575918,4.9927
322,unet,0.072525,1.052804,0.095329,0.4517
323,noisy (no filter),0.523054,42.636549,0.562507,4.9377
323,unet,0.073155,1.134601,0.093635,0.4517
324,noisy (no filter),0.525674,42.075460,0.590365,4.9500
324,unet,0.069298,1.108235,0.096251,0.3174
325,noisy (no filter),0.526443,42.206548,0.562175,4.9561
325,unet,0.070685,1.177689,0.091952,0.5554
326,noisy (no filter),0.522553,42.787519,0.577018,4.9683
326,unet,0.069514,1.019310,0.090915,0.4028
327,noisy (no filter),0.526021,42.258932,0.587221,4.9805
327,unet,0.067749,1.003330,0.091826,0.2930
328,noisy (no filter),0.526535,41.854980,0.577127,4.9316
328,unet,0.070574,1.162905,0.092141,0.4211
329,noisy (no filter),0.526451,42.367896,0.587027,4.9744
329,unet,0.071116,1.097442,0.093739,0.4395
330,noisy (no filter),0.523695,42.380611,0.575360,4.9622
330,unet,0.067559,1.159852,0.089559,0.5981
331,noisy (no filter),0.523882,42.022772,0.568169,4.9927
331,unet,0.072551,1.141250,0.092046,0.4089
332,noisy (no filter),0.528832,43.228092,0.577180,4.9744
332,unet,0.068163,1.154622,0.092464,0.5188
333,noisy (no filter),0.523093,41.763071,0.568981,4.9744
333,unet,0.068942,1.139914,0.092106,0.3906
334,noisy (no filter),0.528813,42.415929,0.580000,4.9561
334,unet,0.068989,1.248127,0.090546,0.4822
335,noisy (no filter),0.524796,42.604405,0.580754,4.9683
335,unet,0.071899,1.184518,0.095509,0.5371
336,noisy (no filter),0.527074,43.065908,0.580026,4.9683
336,unet,0.068590,1.165909,0.092577,0.4944
337,noisy (no filter),0.527243,42.081951,0.574917,4.9744
337,unet,0.070724,1.310219,0.093521,0.5188
338,noisy (no filter),0.526332,41.968634,0.578428,4.9744
338,unet,0.068428,1.113969,0.094352,0.5554
339,noisy (no filter),0.524578,41.687489,0.551729,4.9805
339,unet,0.067795,1.085258,0.091048,0.5005
340,noisy (no filter),0.529910,42.101778,0.573811,4.9744
340,unet,0.070663,1.095370,0.093870,0.3662
341,noisy (no filter),0.523119,41.242544,0.559375,4.9683
341,unet,0.070404,1.108212,0.091595,0.4883
342,noisy (no filter),0.530415,40.872367,0.585450,4.9561
342,unet,0.071199,1.279435,0.093403,0.4456
343,noisy (no filter),0.527327,42.403865,0.570361,4.9744
343,unet,0.071884,1.301167,0.092465,0.4395
344,noisy (no filter),0.532844,42.255829,0.584998,4.9622
344,unet,0.069210,1.208531,0.091789,0.5005
345,noisy (no filter),0.529795,42.431947,0.566332,4.9561
345,unet,0.072208,1.187573,0.094555,0.5066
346,noisy (no filter),0.523318,42.468011,0.577830,4.9866
346,unet,0.068473,1.132951,0.092848,0.4517
347,noisy (no filter),0.521550,41.984915,0.556866,4.9683
347,unet,0.070954,1.104997,0.091426,0.4700
348,noisy (no filter),0.521967,42.179625,0.574121,4.9866
348,unet,0.070874,1.232423,0.089484,0.4517
349,noisy (no filter),0.521967,42.911639,0.581019,4.9561
349,unet,0.068572,1.124987,0.091809,0.4639
350,noisy (no filter),0.519987,43.019082,0.551624,4.9438
350,unet,0.070626,1.254436,0.090961,0.4578
351,noisy (no filter),0.531798,42.432003,0.560262,4.9683
351,unet,0.070626,1.286971,0.092081,0.4395
352,noisy (no filter),0.532776,42.668860,0.584259,4.9438
352,unet,0.068710,1.233466,0.090309,0.4822
353,noisy (no filter),0.525826,41.460142,0.585422,4.9744
353,unet,0.070874,1.181014,0.093575,0.6165
354,noisy (no filter),0.528745,42.403829,0.571152,4.9866
354,unet,0.068218,1.333259,0.091316,0.5676
355,noisy (no filter),0.526421,42.075096,0.564004,4.9622
355,unet,0.071865,1.138917,0.093121,0.6165
356,noisy (no filter),0.531405,42.687576,0.592757,4.9683
356,unet,0.069055,1.118642,0.089240,0.3906
357,noisy (no filter),0.524490,42.050676,0.589832,4.9377
357,unet,0.068376,1.130756,0.092586,0.5066
358,noisy (no filter),0.523658,43.363914,0.578954,4.9561
358,unet,0.069088,1.168865,0.091870,0.5005
359,noisy (no filter),0.530717,42.152914,0.557529,4.9622
359,unet,0.071389,1.105875,0.093085,0.3906
360,noisy (no filter),0.528284,42.412299,0.565550,4.9805
360,unet,0.070496,1.201957,0.093922,0.4517
361,noisy (no filter),0.519285,41.551571,0.567148,4.9866
361,unet,0.071392,1.253887,0.090524,0.5371
362,noisy (no filter),0.525090,42.657832,0.569234,4.9622
362,unet,0.068148,1.286759,0.089013,0.3723
363,noisy (no filter),0.516950,42.495932,0.579646,4.9866
363,unet,0.068431,1.296890,0.087829,0.5493
364,noisy (no filter),0.528929,41.682604,0.562332,4.9683
364,unet,0.069273,1.129804,0.090596,0.4028
365,noisy (no filter),0.532107,42.146668,0.563756,4.9683
365,unet,0.071363,1.159808,0.092612,0.5554
366,noisy (no filter),0.529422,42.270526,0.569143,4.9866
366,unet,0.070698,1.185187,0.097348,0.4089
367,noisy (no filter),0.526093,41.567171,0.576724,4.9500
367,unet,0.071984,1.333346,0.095092,0.4150
368,noisy (no filter),0.527657,42.800763,0.557844,4.9744
368,unet,0.070480,1.377899,0.090831,0.5188
369,noisy (no filter),0.525756,41.626725,0.574675,4.9744
369,unet,0.072683,1.264237,0.096895,0.5676
370,noisy (no filter),0.520535,42.570495,0.547869,4.9561
370,unet,0.067196,0.999628,0.091627,0.4089
371,noisy (no filter),0.524991,42.048657,0.578248,4.9683
371,unet,0.069305,0.980114,0.088901,0.4578
372,noisy (no filter),0.531362,41.939042,0.592117,4.9683
372,unet,0.068948,1.411848,0.093706,0.6592
373,noisy (no filter),0.529824,42.114241,0.579005,4.9500
373,unet,0.071488,1.183872,0.095356,0.5066
374,noisy (no filter),0.525934,42.019112,0.573122,4.9438
374,unet,0.070067,1.239402,0.095910,0.3967
375,noisy (no filter),0.521250,41.672368,0.584214,4.9744
375,unet,0.070983,1.220140,0.089905,0.5493
376,noisy (no filter),0.522152,42.080682,0.569488,4.9683
376,unet,0.072079,1.149334,0.094109,0.3479
377,noisy (no filter),0.529719,42.757371,0.583887,4.9683
377,unet,0.067796,1.147494,0.090524,0.5127
378,noisy (no filter),0.528061,42.034921,0.588009,4.9683
378,unet,0.069012,1.188019,0.094148,0.4700
379,noisy (no filter),0.525152,41.783316,0.564104,4.9561
379,unet,0.070288,1.224858,0.091395,0.5066
380,noisy (no filter),0.528545,41.556295,0.583210,4.9561
380,unet,0.069054,1.205201,0.095237,0.3723
381,noisy (no filter),0.527386,43.433431,0.562575,4.9561
381,unet,0.070451,1.256850,0.090869,0.5127
382,noisy (no filter),0.532548,43.865281,0.582126,4.9316
382,unet,0.071370,1.274992,0.094426,0.4578
383,noisy (no filter),0.513593,41.866940,0.551962,4.9622
383,unet,0.068882,1.276743,0.090201,0.4333
384,noisy (no filter),0.526918,41.757818,0.550650,4.9561
384,unet,0.071555,1.305669,0.095412,0.5737
385,noisy (no filter),0.524546,42.301601,0.558214,4.9683
385,unet,0.069677,1.169939,0.093239,0.4700
386,noisy (no filter),0.522862,42.868412,0.570780,4.9622
386,unet,0.070111,1.219497,0.094321,0.5676
387,noisy (no filter),0.526791,42.973120,0.578514,4.9866
387,unet,0.070587,1.210576,0.090469,0.3845
388,noisy (no filter),0.527368,42.594286,0.579630,4.9927
388,unet,0.070003,1.267843,0.093503,0.5737
389,noisy (no filter),0.522767,41.897063,0.570422,4.9744
389,unet,0.071045,1.155936,0.093158,0.4089
390,noisy (no filter),0.524007,43.268229,0.568327,4.9561
390,unet,0.069183,1.132759,0.091375,0.4395
391,noisy (no filter),0.523051,42.404971,0.583523,4.9561
391,unet,0.068134,1.044567,0.090349,0.3540
392,noisy (no filter),0.530528,42.288035,0.588349,4.9377
392,unet,0.071507,1.181955,0.095206,0.4395
393,noisy (no filter),0.528893,42.500130,0.581813,4.9500
393,unet,0.070892,1.121974,0.098019,0.3662
394,noisy (no filter),0.525612,42.414627,0.576234,4.9683
394,unet,0.067451,1.222019,0.089874,0.6226
395,noisy (no filter),0.527284,41.769257,0.590957,4.9622
395,unet,0.069156,1.317538,0.092260,0.5310
396,noisy (no filter),0.524898,41.915748,0.569650,4.9683
396,unet,0.069489,1.105626,0.091624,0.4333
397,noisy (no filter),0.529024,41.999313,0.588812,4.9561
397,unet,0.072850,1.028872,0.093465,0.5066
398,noisy (no filter),0.523705,42.217729,0.573045,4.9561
398,unet,0.069859,1.120392,0.092898,0.4456
399,noisy (no filter),0.526193,42.834499,0.591356,4.9683
399,unet,0.070195,1.269923,0.093668,0.5005
400,noisy (no filter),0.517191,42.444509,0.582741,4.9744
400,unet,0.072151,1.499416,0.095468,0.4517
401,noisy (no filter),0.534037,42.186405,0.566444,4.9744
401,unet,0.072572,1.316216,0.094345,0.5066
402,noisy (no filter),0.533320,42.843162,0.581441,4.9866
402,unet,0.072496,1.005184,0.094951,0.3784
403,noisy (no filter),0.529998,41.784178,0.564611,4.9805
403,unet,0.072709,1.173522,0.094281,0.4395
404,noisy (no filter),0.528816,42.859767,0.580036,4.9622
404,unet,0.069526,1.071681,0.093579,0.4089
405,noisy (no filter),0.528401,41.044911,0.580053,4.9805
405,unet,0.071740,1.175330,0.092162,0.5310
406,noisy (no filter),0.526842,42.658194,0.569947,4.9561
406,unet,0.070345,1.209354,0.092725,0.4639
407,noisy (no filter),0.532913,42.528582,0.586518,4.9255
407,unet,0.070686,1.170027,0.093381,0.5005
408,noisy (no filter),0.524493,42.619952,0.582087,4.9255
408,unet,0.068774,1.124906,0.090967,0.3479
409,noisy (no filter),0.528007,41.625705,0.590650,4.9255
409,unet,0.072358,1.276619,0.095210,0.5554
410,noisy (no filter),0.525785,43.671799,0.573420,4.9866
410,unet,0.070946,1.161411,0.093425,0.5554
411,noisy (no filter),0.531501,42.710719,0.571063,4.9988
411,unet,0.070279,1.162927,0.093804,0.5371
412,noisy (no filter),0.527321,41.917298,0.570909,4.9377
412,unet,0.070329,1.097462,0.093547,0.4639
413,noisy (no filter),0.529567,41.376644,0.578874,4.9622
413,unet,0.071707,1.225872,0.094408,0.4456
414,noisy (no filter),0.527801,42.529651,0.576723,4.9683
414,unet,0.070426,1.244359,0.094687,0.5310
415,noisy (no filter),0.523313,41.497329,0.567937,4.9500
415,unet,0.071765,1.134509,0.095221,0.5737
416,noisy (no filter),0.521512,42.206912,0.579843,4.9683
416,unet,0.070319,1.280251,0.094151,0.5310
417,noisy (no filter),0.529627,42.290904,0.571442,4.9622
417,unet,0.069887,1.298192,0.095496,0.5066
418,noisy (no filter),0.526663,41.451421,0.569820,4.9622
418,unet,0.070769,1.109732,0.094511,0.4944
419,noisy (no filter),0.524339,42.452470,0.572502,4.9683
419,unet,0.068400,1.056222,0.092319,0.5249
420,noisy (no filter),0.526637,42.350475,0.575181,4.9622
420,unet,0.070680,1.121235,0.092352,0.4639
421,noisy (no filter),0.523080,42.259493,0.559969,4.9561
421,unet,0.070717,1.012318,0.090896,0.4211
422,noisy (no filter),0.529453,42.043219,0.585534,4.9500
422,unet,0.071482,1.139131,0.091139,0.4150
423,noisy (no filter),0.524040,42.272544,0.571903,4.9622
423,unet,0.073692,1.297815,0.096860,0.5310
424,noisy (no filter),0.529400,41.878058,0.571284,4.9805
424,unet,0.071042,1.219130,0.092563,0.4822
425,noisy (no filter),0.526405,42.672258,0.578863,4.9622
425,unet,0.070471,1.229417,0.090446,0.5676
426,noisy (no filter),0.524199,42.828473,0.569990,4.9561
426,unet,0.069491,1.137580,0.089632,0.4578
427,noisy (no filter),0.534787,43.514499,0.574685,4.9561
427,unet,0.071986,1.172080,0.094493,0.4700
428,noisy (no filter),0.527230,41.526967,0.577831,4.9500
428,unet,0.072044,1.289340,0.091451,0.4517
429,noisy (no filter),0.532174,42.265659,0.583196,4.9622
429,unet,0.071977,1.135129,0.093270,0.5127
430,noisy (no filter),0.534073,42.151076,0.602239,4.9500
430,unet,0.071062,1.193829,0.097379,0.3784
431,noisy (no filter),0.521195,40.814497,0.572378,4.9438
431,unet,0.068544,1.007470,0.090982,0.4272
432,noisy (no filter),0.523886,42.900878,0.581190,4.9744
432,unet,0.069387,1.061070,0.090023,0.4761
433,noisy (no filter),0.525949,42.193734,0.574876,4.9744
433,unet,0.070325,1.262371,0.092873,0.5859
434,noisy (no filter),0.524811,42.335824,0.567811,4.9500
434,unet,0.069490,1.004170,0.092464,0.3784
435,noisy (no filter),0.526319,41.990814,0.561437,4.9622
435,unet,0.069721,1.166233,0.091685,0.4700
436,noisy (no filter),0.528245,41.850625,0.582576,4.9500
436,unet,0.070340,1.279309,0.093447,0.6348
437,noisy (no filter),0.528520,42.369177,0.586614,4.9866
437,unet,0.068794,1.122982,0.091924,0.5371
438,noisy (no filter),0.535191,42.517262,0.589426,4.9561
438,unet,0.070337,1.184716,0.091807,0.4456
439,noisy (no filter),0.524221,42.526533,0.560696,4.9561
439,unet,0.072720,1.296520,0.094880,0.4456
440,noisy (no filter),0.520206,41.311810,0.580780,4.9500
440,unet,0.071102,1.369255,0.092550,0.5249
441,noisy (no filter),0.532320,42.517410,0.586219,4.9744
441,unet,0.073122,1.204686,0.096349,0.5371
442,noisy (no filter),0.521981,43.104876,0.570879,4.9561
442,unet,0.070791,1.208696,0.092145,0.4028
443,noisy (no filter),0.527816,41.902159,0.582812,4.9744
443,unet,0.070786,1.285264,0.093067,0.4822
444,noisy (no filter),0.527958,42.189577,0.575352,4.9438
444,unet,0.069681,1.168635,0.091695,0.4333
445,noisy (no filter),0.526203,42.607311,0.576986,4.9194
445,unet,0.069463,1.377176,0.092176,0.5249
446,noisy (no filter),0.530978,42.794629,0.585495,4.9561
446,unet,0.071090,1.096739,0.097237,0.4089
447,noisy (no filter),0.525129,42.575372,0.572832,4.9377
447,unet,0.068068,1.185656,0.093853,0.4089
448,noisy (no filter),0.530133,41.892970,0.583364,4.9438
448,unet,0.073060,1.053427,0.094063,0.4211
449,noisy (no filter),0.525552,42.737992,0.578660,4.9438
449,unet,0.072977,1.231114,0.095052,0.4517
450,noisy (no filter),0.521598,42.152466,0.580254,4.9622
450,unet,0.068572,1.169567,0.092878,0.4578
451,noisy (no filter),0.527883,42.586183,0.577792,4.9622
451,unet,0.069926,1.314699,0.093421,0.4456
452,noisy (no filter),0.525801,43.294729,0.557018,4.9744
452,unet,0.072483,1.126775,0.094857,0.4517
453,noisy (no filter),0.525576,42.021738,0.584815,4.9561
453,unet,0.070513,1.104176,0.094664,0.4578
454,noisy (no filter),0.530786,42.058439,0.568540,4.9683
454,unet,0.071795,1.156420,0.093721,0.3723
455,noisy (no filter),0.524233,41.840940,0.576400,4.9561
455,unet,0.069655,1.124805,0.095346,0.4883
456,noisy (no filter),0.527966,42.706998,0.564719,4.9744
456,unet,0.070302,1.146599,0.092515,0.3723
457,noisy (no filter),0.522975,43.558361,0.567075,4.9683
457,unet,0.070293,1.314938,0.091036,0.4272
458,noisy (no filter),0.527336,42.498100,0.562750,4.9805
458,unet,0.069423,1.107385,0.091518,0.3723
459,noisy (no filter),0.526347,42.760051,0.577000,4.9561
459,unet,0.070832,1.342762,0.092116,0.4089
460,noisy (no filter),0.529377,42.719288,0.577442,4.9500
460,unet,0.068082,1.152797,0.092435,0.4822
461,noisy (no filter),0.529570,41.709888,0.575665,4.9744
461,unet,0.069850,1.177114,0.089338,0.3906
462,noisy (no filter),0.519123,41.975269,0.572726,4.9683
462,unet,0.069785,1.283973,0.092895,0.4761
463,noisy (no filter),0.523227,42.658588,0.579260,4.9683
463,unet,0.070311,1.471349,0.093777,0.5615
464,noisy (no filter),0.526830,42.368195,0.583588,4.9561
464,unet,0.070325,1.152548,0.093817,0.4150
465,noisy (no filter),0.530201,42.283449,0.580378,4.9683
465,unet,0.068947,1.264251,0.091559,0.3967
466,noisy (no filter),0.525169,42.193526,0.571472,4.9622
466,unet,0.070561,1.219210,0.093120,0.4578
467,noisy (no filter),0.527232,42.695097,0.566392,4.9805
467,unet,0.074429,1.210991,0.095564,0.3906
468,noisy (no filter),0.529032,42.696279,0.583681,4.9622
468,unet,0.067685,1.313823,0.091631,0.5493
469,noisy (no filter),0.525611,41.590549,0.561853,4.9561
469,unet,0.070898,1.201886,0.089129,0.5005
470,noisy (no filter),0.527384,42.647889,0.566607,4.9805
470,unet,0.071654,1.140037,0.094323,0.5127
471,noisy (no filter),0.528063,41.401787,0.618726,4.9622
471,unet,0.063382,1.427119,0.090666,0.1831
472,noisy (no filter),0.522590,42.614246,0.582957,4.9805
472,unet,0.068627,1.264860,0.090839,0.5066
473,noisy (no filter),0.530610,41.827495,0.570509,4.9500
473,unet,0.071940,1.116817,0.092924,0.3967
474,noisy (no filter),0.527414,43.324054,0.599399,4.9377
474,unet,0.069524,1.227707,0.092763,0.3845
475,noisy (no filter),0.522766,42.469299,0.561009,4.9683
475,unet,0.071746,1.154630,0.092241,0.4028
476,noisy (no filter),0.524227,42.129252,0.572074,4.9805
476,unet,0.070191,1.290086,0.094159,0.6592
477,noisy (no filter),0.527031,42.861668,0.560904,4.9561
477,unet,0.072929,1.099014,0.095610,0.3662
478,noisy (no filter),0.528468,41.970885,0.575866,4.9316
478,unet,0.070315,1.122338,0.092016,0.4517
479,noisy (no filter),0.527111,41.426365,0.568239,4.9744
479,unet,0.068436,1.122657,0.088987,0.4700
480,noisy (no filter),0.518687,41.990209,0.571471,4.9622
480,unet,0.071650,1.170637,0.094064,0.5493
481,noisy (no filter),0.535447,41.892514,0.587843,4.9683
481,unet,0.069075,1.126588,0.093409,0.4211
482,noisy (no filter),0.517366,42.714804,0.563045,4.9866
482,unet,0.069747,1.302705,0.091393,0.5493
483,noisy (no filter),0.523568,41.967919,0.551702,4.9438
483,unet,0.071229,1.142834,0.092338,0.4211
484,noisy (no filter),0.521548,41.571637,0.552495,4.9683
484,unet,0.072386,1.147697,0.096811,0.4822
485,noisy (no filter),0.528934,43.223945,0.579776,4.9805
485,unet,0.072198,1.309092,0.092077,0.4700
486,noisy (no filter),0.530148,42.911372,0.566818,4.9377
486,unet,0.071015,1.204210,0.094486,0.5615
487,noisy (no filter),0.519173,42.088872,0.600095,4.9622
487,unet,0.068635,1.226831,0.090495,0.4578
488,noisy (no filter),0.530802,42.759781,0.593967,4.9500
488,unet,0.069423,1.358517,0.093891,0.5615
489,noisy (no filter),0.526438,42.346968,0.565713,4.9561
489,unet,0.069262,1.346348,0.094221,0.6531
490,noisy (no filter),0.529658,42.589618,0.581987,4.9438
490,unet,0.070121,1.188649,0.089594,0.3967
491,noisy (no filter),0.524071,41.570150,0.596684,4.9438
491,unet,0.069987,1.137572,0.094550,0.5005
492,noisy (no filter),0.528856,41.909356,0.575994,4.9744
492,unet,0.068959,1.106360,0.093148,0.5432
493,noisy (no filter),0.531834,41.899697,0.586740,4.9500
493,unet,0.069835,1.065113,0.091366,0.4883
494,noisy (no filter),0.522680,43.203533,0.570627,4.9683
494,unet,0.071153,1.301454,0.095343,0.4578
495,noisy (no filter),0.521371,42.377867,0.572789,4.9805
495,unet,0.068735,1.109275,0.091630,0.5859
496,noisy (no filter),0.531172,42.239395,0.604153,4.9377
496,unet,0.070299,1.288402,0.094155,0.5310
497,noisy (no filter),0.527150,42.346769,0.564634,4.9805
497,unet,0.071039,1.084574,0.091168,0.4272
498,noisy (no filter),0.528648,43.126152,0.564662,4.9622
498,unet,0.073396,1.211027,0.094868,0.5493
499,noisy (no filter),0.522138,42.614994,0.592691,4.9927
499,unet,0.070958,1.313725,0.092453,0.6714
500,noisy (no filter),0.522210,42.860472,0.572037,4.9622
500,unet,0.067663,1.166355,0.091250,0.3052
